Czas,Użytkownik,Spółka Polska,Ticker Polska,Spółka Usa,Ticker Usa,Czy Usa,Spółka Świat,Ticker Świat,Czy Świat,Surowiec,Ticker Surowiec,Krypto,Ticker Krypto,Community,Czy Streamer
2025-12-15 14:04:10,HeGz,PCF Group SA,YAHOO:PCF.WA,Tronox Holdings plc,YAHOO:TROX,1,NIO Inc.,YAHOO:NIO,1,CRUDE OIL WTI,YAHOO:CL=F,RENDER,YAHOO:RENDER-USD,,0
2025-12-30 12:37:46,michalkrkr,Cyber_Folks SA,YAHOO:CBF.WA,Amazon,YAHOO:AMZN,1,Bayer AG NA,YAHOO:BAYN.DE,1,PALLADIUM,YAHOO:PA=F,ADA,YAHOO:ADA-USD,Delord,0
2025-12-30 12:46:23,Mystek_8,Cognor Holding SA,YAHOO:COG.WA,Amazon,YAHOO:AMZN,1,ASML Holding N.V.,YAHOO:ASML,1,URANIUM,YAHOO:SRUUF,ETH,YAHOO:ETH-USD,,0
2026-01-02 13:48:18,vvieczorek,Synektik SA + S2B,YAHOO:SNT.WA,Meta Platforms,YAHOO:META,1,Vertiv Holdings Co,YAHOO:VRT,0,COBALT,YAHOO:CB=F,SOL,YAHOO:SOL-USD,Delordione,0
2026-01-01 11:57:50,bartek,Creotech Instruments SA + CRQ,YAHOO:CRI.WA,Rocket Lab Corporation,YAHOO:RKLB,1,Avio S.p.A.,YAHOO:AVIO.MI,1,URANIUM,YAHOO:SRUUF,BTC,YAHOO:BTC-USD,smalczyk,0
2025-12-30 12:35:15,default,Orlen SA,YAHOO:PKN.WA,"Tesla, Inc.",YAHOO:TSLA,1,NVIDIA Corporation,YAHOO:NVDA,0,GOLD,YAHOO:GC=F,ETH,YAHOO:ETH-USD,dicklorda,0
2025-12-30 12:35:19,Balin889,11 bit studios SA,YAHOO:11B.WA,Rocket Lab Corporation,YAHOO:RKLB,1,Rocket lab,YAHOO:RKLB,0,NATURAL GAS,YAHOO:NG=F,BTC,YAHOO:BTC-USD,suchar/smalczyk,0
2025-12-30 12:35:45,kacpizx6r,Synektik SA + S2B,YAHOO:SNT.WA,Morgan Stanley,YAHOO:MS,1,Palo Alto Networks,YAHOO:PANW,0,SILVER,YAHOO:SI=F,ETC,YAHOO:ETC-USD,delordione,0
2025-12-30 12:36:07,mjutt,Ambra SA,YAHOO:AMB.WA,"Nike, Inc.",YAHOO:NKE,1,Wolters Kluwer N.V.,YAHOO:WKL.AS,1,CRUDE OIL WTI,YAHOO:CL=F,BTC,YAHOO:BTC-USD,Delord,0
2025-12-30 12:36:19,GamblingMan2137,Wielton SA,YAHOO:WLT.WA,Amazon,YAHOO:AMZN,1,Novo Nordisk,YAHOO:NVO,1,SILVER,YAHOO:SI=F,BTC,YAHOO:BTC-USD,Delordione,0
2025-12-30 12:36:21,WpierdalamGuwnoPL,11 bit studios SA,YAHOO:11B.WA,"NETFLIX, Inc.",YAHOO:NFLX,1,Brookfield Renewable Partners ,YAHOO:BEP,1,URANIUM,YAHOO:SRUUF,XRP,YAHOO:XRP-USD,Ziarniak,0
2025-12-30 12:36:38,Dejman__,VRG SA,YAHOO:VRG.WA,NVIDIA Corporation,YAHOO:NVDA,1,InPost,YAHOO:INPST.AS,1,GOLD,YAHOO:GC=F,ETH,YAHOO:ETH-USD,Delordione,0
2025-12-30 12:36:55,DupaKapibary,Benefit Systems SA,YAHOO:BFT.WA,Novo Nordisk,YAHOO:NVO,0,"MercadoLibre, Inc. ",YAHOO:MELI,1,NATURAL GAS,YAHOO:NG=F,XRP,YAHOO:XRP-USD,delordione,0
2025-12-30 12:37:09,Adeo,Orlen SA,YAHOO:PKN.WA,Kratos Defense,YAHOO:KTOS,1,Kratos Defense,YAHOO:KTOS,0,IRON ORE CFR CHINA,YAHOO:TIO=F,BTC,YAHOO:BTC-USD,Delord,0
2025-12-30 12:37:44,adamgrabovviecki,Synektik SA + S2B,YAHOO:SNT.WA,Palantir Technologies Inc,YAHOO:PLTR,1,LPP SA,YAHOO:LPP.WA,0,SILVER,YAHOO:SI=F,ETH,YAHOO:ETH-USD,delordione smalec,0
2025-12-30 12:38:03,Wieszak,Pepco Group NV,YAHOO:PCO.WA,"AST SpaceMobile, Inc.",YAHOO:ASTS,1,QUALCOMM Incorporated,YAHOO:QCOM,0,PLATINUM,YAHOO:PL=F,ETH,YAHOO:ETH-USD,Delordione,0
2025-12-30 12:38:14,Fill_Leap,XTB SA,YAHOO:XTB.WA,NVIDIA Corporation,YAHOO:NVDA,1,Samsung Electronics Co,YAHOO:005930.KS,1,GOLD,YAHOO:GC=F,ETH,YAHOO:ETH-USD,Delordione,0
2025-12-30 12:38:25,Xyzano,Diagnostyka SA,YAHOO:DIA.WA,Rocket Lab Corporation,YAHOO:RKLB,1,ASML Holding N.V.,YAHOO:ASML,1,HIGH GRADE COPPER,YAHOO:HG=F,LINK,YAHOO:LINK-USD,smalczyk,0
2025-12-30 12:38:37,cfahona,CD Projekt SA,YAHOO:CDR.WA,Alphabet Inc.,YAHOO:GOOG,1,CD Projekt SA.,YAHOO:CDR.WA,0,GOLD,YAHOO:GC=F,BTC,YAHOO:BTC-USD,delord,0
2026-01-02 11:10:45,lawniczak,Ekipa Holding SA,NC:EEE,"Uber Technologies, Inc.",YAHOO:UBER,1,Paladin Energy Ltd,YAHOO:PDN.AX,1,URANIUM,YAHOO:SRUUF,BTC,YAHOO:BTC-USD,delordione,0
2025-12-30 12:38:57,p1ez,ASBISc Enterprises plc,YAHOO:ASB.WA,Advanced Micro Devices,YAHOO:AMD,1,BYD,YAHOO:1211.HK,1,PLATINUM,YAHOO:PL=F,ETH,YAHOO:ETH-USD,,0
2025-12-30 12:39:04,luqisayas,Prymus SA,NC:PRS,Broadcom Inc.,YAHOO:AVGO,1,BYD,YAHOO:1211.HK,1,COBALT,YAHOO:CB=F,LTC,YAHOO:LTC-USD,delord,0
2025-12-30 12:39:16,dom3lek,Tarczyński SA,NC:TAR,Intel Corporation,YAHOO:INTC,1,ASML Holding N.V.,YAHOO:ASML,1,SILVER,YAHOO:SI=F,ETH,YAHOO:ETH-USD,delord,0
2025-12-30 12:39:26,michallondyn,Mo-Bruk SA,YAHOO:MBR.WA,"Arista Networks, Inc.",YAHOO:ANET,1,ASML Holding N.V.,YAHOO:ASML,1,URANIUM,YAHOO:SRUUF,BTC,YAHOO:BTC-USD,delordione,0
2025-12-30 12:39:37,zwodek01,Amica SA,YAHOO:AMC.WA,NVIDIA Corporation,YAHOO:NVDA,1,NVIDIA Corporation,YAHOO:NVDA,0,SILVER,YAHOO:SI=F,BTC,YAHOO:BTC-USD,Delordione,0
2025-12-30 12:39:58,nammaah,Synektik SA + S2B,YAHOO:SNT.WA,POET Technologies Inc.,YAHOO:POET,0,Holcim Ltd,YAHOO:HLBN.HM,1,PALLADIUM,YAHOO:PA=F,BTC,YAHOO:BTC-USD,Delord,0
2025-12-30 12:40:37,szdzuij,QNA Technology SA,NC:QNA,Intel Corporation ,YAHOO:INTC,1,Amazon,YAHOO:AMZN,0,NICKEL,BANKIER:NIKIEL,XRP,YAHOO:XRP-USD,Smalec (Delord),0
2025-12-30 12:40:53,l9michael,LPP SA,YAHOO:LPP.WA,Alphabet Inc.,YAHOO:GOOG,1,Taiwan Semiconductor Manufacturing,YAHOO:TSM,1,HIGH GRADE COPPER,YAHOO:HG=F,BTC,YAHOO:BTC-USD,Delordione,0
2025-12-30 12:40:58,mmichas1,Auto Partner SA,YAHOO:APR.WA,Oracle Corporation,YAHOO:ORCL,1,STRABAG SE,YAHOO:XD4.HA,1,HIGH GRADE COPPER,YAHOO:HG=F,SOL,YAHOO:SOL-USD,Delordione,0
2025-12-30 12:41:10,Czekoladowykret,CD Projekt SA,YAHOO:CDR.WA,Micron Technology Inc.,YAHOO:MU,1,Allianz SE,YAHOO:ALV,1,GOLD,YAHOO:GC=F,BTC,YAHOO:BTC-USD,Delord,0
2025-12-30 12:41:31,hyron_12,Polimex Mostostal SA,YAHOO:PXM.WA,General Electric Co,YAHOO:GE,1,Siemens,YAHOO:SIE.DE,1,COBALT,YAHOO:CB=F,BTC,YAHOO:BTC-USD,Delordione ten grubas co botuje sobie liczby na kick.com aok,0
2025-12-30 12:41:48,comer9,Cognor Holding SA,YAHOO:COG.WA,Amazon,YAHOO:AMZN,1,Taiwan Semiconductor Manufacturing,YAHOO:TSM,1,GOLD,YAHOO:GC=F,BTC,YAHOO:BTC-USD,8kowal,0
2025-12-30 12:41:55,Kamil1525,Neuca SA,YAHOO:NEU.WA,Alphabet Inc.,YAHOO:GOOG,1,Novo Nordisk,YAHOO:NVO,1,URANIUM,YAHOO:SRUUF,BTC,YAHOO:BTC-USD,Delord,0
2025-12-30 12:42:48,ULI_Adam,KGHM Polska Miedź SA,YAHOO:KGH.WA,Energy Transfer LP (ET),YAHOO:ET,1,"German American Bancorp, Inc. (GABC)",YAHOO:GABC,1,URANIUM,YAHOO:SRUUF,BTC,YAHOO:BTC-USD,Delordione,0
2025-12-30 12:42:58,Antecki_,Orlen SA,YAHOO:PKN.WA,"Take-Two Interactive Software, Inc.",YAHOO:TTWO,1,Alphabet Inc.,YAHOO:GOOG,0,SILVER,YAHOO:SI=F,DOGE,YAHOO:DOGE-USD,Delordione,0
2025-12-30 12:43:11,Kavson*,Mennica Polska SA,YAHOO:MNC.WA,"Brand Engagement Network, Inc.",YAHOO:BNAI,1,InPost,YAHOO:INPST.AS,1,GOLD,YAHOO:GC=F,SOL,YAHOO:SOL-USD,Delord,0
2025-12-30 12:43:20,Dagon,XTB SA,YAHOO:XTB.WA,ASML Holding N.V.,YAHOO:ASML,0,Semiconductor Manufacturing International Corporation,YAHOO:0981.HK,1,HIGH GRADE COPPER,YAHOO:HG=F,ETH,YAHOO:ETH-USD,delord,0
2025-12-30 12:43:26,kamrat_jozef,CD Projekt SA,YAHOO:CDR.WA,"MARA Holdings, Inc.",YAHOO:MARA,1,Novo Nordisk,YAHOO:NVO,1,COBALT,YAHOO:CB=F,XRP,YAHOO:XRP-USD,delordione,0
2025-12-30 12:43:30,Dreyark,PGE SA,YAHOO:PGE.WA,Ondas Holdings Inc.,YAHOO:ONDS,1,Siemens Energy AG,YAHOO:SIE.DE,1,GOLD,YAHOO:GC=F,DOGE,YAHOO:DOGE-USD,Delmuś,0
2025-12-30 12:43:40,resetaxo,XTB SA,YAHOO:XTB.WA,"Micron Technology, Inc.",YAHOO:MU,1,SK Hynix Inc,YAHOO:000660.KS,1,COBALT,YAHOO:CB=F,SOL,YAHOO:SOL-USD,kowal8,0
2025-12-30 12:43:44,Aaayron,LPP SA,YAHOO:LPP.WA,Taiwan Semiconductor Manufacturing,YAHOO:TSM,0,Heidelberg Materials AG,YAHOO:HLBZF,1,HIGH GRADE COPPER,YAHOO:HG=F,ETH,YAHOO:ETH-USD,Delordione,0
2025-12-30 12:43:44,FINDEL,Diagnostyka SA,YAHOO:DIA.WA,NVIDIA Corporation,YAHOO:NVDA,1,"Shopify, Inc. ",YAHOO:SHOP,1,COFFEE,YAHOO:KC=F,ETH,YAHOO:ETH-USD,Delord,0
2025-12-30 12:43:50,Grotis,XTB SA,YAHOO:XTB.WA,Alphabet Inc.,YAHOO:GOOG,1,Sea Limited,YAHOO:SE,1,TIN REFINED,YAHOO:TINM.MI,XLM,YAHOO:XLM-USD,Delord,0
2025-12-30 12:43:57,DIRTY_D_O_G,Dino Polska SA,YAHOO:DNP.WA,Fiserv Inc,YAHOO:FISV,1,Novo Nordisk,YAHOO:NVO,1,COFFEE,YAHOO:KC=F,BTC,YAHOO:BTC-USD,RandomBruceTV,0
2025-12-30 12:45:19,sahcim,Cognor Holding SA,YAHOO:COG.WA,Alphabet Inc.,YAHOO:GOOG,1,Tokyo Electron Limited,YAHOO:TOELF,1,GOLD,YAHOO:GC=F,BTC,YAHOO:BTC-USD,delord,0
2025-12-30 12:45:23,casperz_03,Orlen SA,YAHOO:PKN.WA,NVIDIA Corporation,YAHOO:NVDA,1,"Capcom Co., Ltd.",YAHOO:9697.T,1,GOLD,YAHOO:GC=F,BTC,YAHOO:BTC-USD,delordione,0
2025-12-30 12:45:28,Wojwos,KGHM Polska Miedź SA,YAHOO:KGH.WA,"Reddit, Inc.",YAHOO:RDDT,1,Tencent Holdings Ltd,YAHOO:0700.HK,1,SILVER,YAHOO:SI=F,SOL,YAHOO:SOL-USD,Delord,0
2025-12-30 12:46:00,biguss,ASBISc Enterprises plc,YAHOO:ASB.WA,"Micron Technology, Inc.",YAHOO:MU,1,Semiconductor Manufacturing International Corporation,YAHOO:0981.HK,1,PLATINUM,YAHOO:PL=F,BTC,YAHOO:BTC-USD,delord,0
2025-12-30 12:47:49,playboiexy,Creotech Instruments SA + CRQ,YAHOO:CRI.WA,Palantir Technologies Inc,YAHOO:PLTR,1,"MercadoLibre, Inc.",YAHOO:MELI,1,URANIUM,YAHOO:SRUUF,SOL,YAHOO:SOL-USD,Delmicjusz ,0
2025-12-30 12:48:04,Orzeu,Murapol SA,YAHOO:MUR.WA,Pfizer,YAHOO:PFE,1,Deckers,YAHOO:DECK,0,NATURAL GAS,YAHOO:NG=F,ETH,YAHOO:ETH-USD,Delord,0
2025-12-30 12:49:35,sie,Mirbud SA,YAHOO:MRB.WA,"Constellation Brands, Inc.",YAHOO:STZ,1,UnitedHealth Group Incorporated,YAHOO:UNH,0,GOLD,YAHOO:GC=F,ETH,YAHOO:ETH-USD,delord,0
2025-12-30 12:50:24,short_input,Bridge Solutions Hub SA,NC:BSH,"Evolv Technologies Holdings, Inc.",YAHOO:EVLV,1,"WuXi AppTec Co., Ltd.",YAHOO:2359.HK,1,COFFEE,YAHOO:KC=F,DOGE,YAHOO:DOGE-USD,delord,0
2025-12-30 12:50:31,JMatt,Orlen SA,YAHOO:PKN.WA,NVIDIA Corporation ,YAHOO:NVDA,1,Novo Nordisk,YAHOO:NVO,1,URANIUM,YAHOO:SRUUF,BTC,YAHOO:BTC-USD,Smalec,0
2025-12-30 12:50:40,repspesec,Polimex Mostostal SA,YAHOO:PXM.WA,Circle Internet Group,YAHOO:CRCL,1,Evolution AB,YAHOO:EVO.ST,1,PALLADIUM,YAHOO:PA=F,HBAR,YAHOO:HBAR-USD,Dziku,0
2025-12-30 12:50:50,saaellor,CD Projekt SA,YAHOO:CDR.WA,"NETFLIX, Inc.",YAHOO:NFLX,1,Bayer Aktiengesellschaft,YAHOO:BAYN.DE,1,SILVER,YAHOO:SI=F,ETH,YAHOO:ETH-USD,Delord,0
2025-12-30 12:51:55,fx_disunio_do_boba,PKO BP SA,YAHOO:PKO.WA,Alphabet Inc.,YAHOO:GOOGL,1,ASML Holding N.V.,YAHOO:ASML,1,CRUDE OIL WTI,YAHOO:CL=F,BTC,YAHOO:BTC-USD,delordione,0
2025-12-30 12:53:06,Avistan,GreenX Metals Ltd.,NC:GRX,Redwire Corporation,YAHOO:RDW,1,Emmerson PLC,YAHOO:EML.L,1,URANIUM,YAHOO:SRUUF,DOGE,YAHOO:DOGE-USD,Delord,0
2025-12-30 12:53:23,anastepnie,Synektik SA + S2B,YAHOO:SNT.WA,Palantir Technologies Inc,YAHOO:PLTR,1,Nu Holdings Ltd.,YAHOO:NU,1,SILVER,YAHOO:SI=F,SOL,YAHOO:SOL-USD,Delord,0
2025-12-30 12:53:46,jayjay,Celon Pharma SA,YAHOO:CLN.WA,Advanced Micro Devices,YAHOO:AMD,1,ASML Holding N.V.,YAHOO:ASML,1,COCOA,YAHOO:CC=F,XRP,YAHOO:XRP-USD,delordione,0
2025-12-30 12:54:09,Szkielnik,Tauron PE SA,YAHOO:TPE.WA,"Cisco Systems, Inc.",YAHOO:CSCO,1,Phison Electronics Corp.,YAHOO:8299.TWO,1,HIGH GRADE COPPER,YAHOO:HG=F,ETH,YAHOO:ETH-USD,delordione,0
2025-12-30 12:55:41,SHOK,11 bit studios SA,YAHOO:11B.WA,Symbiotic Inc.,YAHOO:SYM,1,Sea Limited,YAHOO:SE,1,NICKEL,BANKIER:NIKIEL,ETH,YAHOO:ETH-USD,Suchar,0
2025-12-30 12:56:06,Attys,Grenevia SA,YAHOO:GEA.WA,Intel Corporation,YAHOO:INTC,1,StoneCo,YAHOO:STNE,1,PLATINUM,YAHOO:PL=F,KAS,YAHOO:KAS-USD,Delord,0
2025-12-30 12:57:58,8kowal,Benefit Systems SA,YAHOO:BFT.WA,Amazon,YAHOO:AMZN,1,Shopify Inc.,YAHOO:SHOP,1,GOLD,YAHOO:GC=F,BTC,YAHOO:BTC-USD,8kowal,0
2025-12-30 13:04:41,SvJuren,ZUE SA,YAHOO:ZUE.WA,Archer-Daniels-Midland Company,YAHOO:ADM,1,Tractor Supply Company,YAHOO:TSCO,0,URANIUM,YAHOO:SRUUF,ATOM,YAHOO:ATOM-USD,Gucio,0
2025-12-30 13:08:23,graci104,Trakcja SA,YAHOO:TRK.WA,Praxis Precision Medicines,YAHOO:PRAX,1,Kinross Gold Corporation,YAHOO:KGC,1,HIGH GRADE COPPER,YAHOO:HG=F,BNB,YAHOO:BNB-USD,Delordione,0
2025-12-30 13:09:56,grubyben,PGE SA,YAHOO:PGE.WA,Strategy Inc,YAHOO:MSTR,1,Heidelberg Materials AG,YAHOO:HLBZF,1,COCOA,YAHOO:CC=F,XRP,YAHOO:XRP-USD,delord,0
2025-12-30 13:14:42,kszyhu_uu,KGHM Polska Miedź SA,YAHOO:KGH.WA,Advanced Micro Devices,YAHOO:AMD,1,ASML Holding N.V.,YAHOO:ASML,1,PLATINUM,YAHOO:PL=F,ETH,YAHOO:ETH-USD,lukisteve,0
2025-12-30 13:15:00,Vemu,CD Projekt SA,YAHOO:CDR.WA,Taiwan Semiconductor Manufacturing,YAHOO:TSM,0,Tencent Holdings Ltd,YAHOO:0700.HK,1,SILVER,YAHOO:SI=F,USDC,YAHOO:USDC-USD,rybson,0
2025-12-30 13:17:36,SzymkoQA,Cyber_Folks SA,YAHOO:CBF.WA,Novo Nordisk,YAHOO:NVO,0,National Atomic Company Kazatomprom JSC,YAHOO:KAP.IL,1,PLATINUM,YAHOO:PL=F,BTC,YAHOO:BTC-USD,Delord,0
2025-12-30 13:17:46,cordixo,Cyber_Folks SA,YAHOO:CBF.WA,AST SpaceMobile Inc,YAHOO:ASTS,1,Taiwan Semiconductor Manufacturing,YAHOO:TSM,1,SILVER,YAHOO:SI=F,BTC,YAHOO:BTC-USD,delord,0
2025-12-30 13:18:48,Cubes_2000,Neuca SA,YAHOO:NEU.WA,"Micron Technology, Inc.",YAHOO:MU,1,Samsung Electronics Co,YAHOO:005930.KS,1,HIGH GRADE COPPER,YAHOO:HG=F,ZEC,YAHOO:ZEC-USD,Delordione,0
2026-01-02 10:33:00,evenement*,Scanway SA,YAHOO:SCW.WA,Rocket Lab Corporation,YAHOO:RKLB,1,Rheinmetall AG,YAHOO:RHM.DE,1,URANIUM,YAHOO:SRUUF,ETH,YAHOO:ETH-USD,delord,0
2026-01-02 10:40:17,gol3mpodlaski,Cyber_Folks SA,YAHOO:CBF.WA,Applied Digital,YAHOO:APLD,1,Taiwan Semiconductor Manufacturing,YAHOO:TSM,1,PLATINUM,YAHOO:PL=F,BTC,YAHOO:BTC-USD,delord,0
2025-12-30 13:25:34,fx_tbh,Cyber_Folks SA,YAHOO:CBF.WA,"SoFi Technologies, Inc.",YAHOO:SOFI,1,Samsung Electronics Co,YAHOO:005930.KS,1,CORN,YAHOO:ZC=F,DOGE,YAHOO:DOGE-USD,khamires baza,0
2025-12-30 13:33:22,Voraz,Creotech Instruments SA + CRQ,YAHOO:CRI.WA,"SoundHound AI, Inc.",YAHOO:SOUN,1,BYD,YAHOO:1211.HK,1,URANIUM,YAHOO:SRUUF,KAS,YAHOO:KAS-USD,delordione,0
2025-12-30 13:43:56,grzybek_7331,CD Projekt SA,YAHOO:CDR.WA,"Micron Technology, Inc.",YAHOO:MU,1,ASML Holding N.V.,YAHOO:ASML,1,COBALT,YAHOO:CB=F,BTC,YAHOO:BTC-USD,delord,0
2025-12-30 13:44:32,Przemyk,Diagnostyka SA,YAHOO:DIA.WA,Broadcom Inc.,YAHOO:AVGO,1,"MercadoLibre, Inc.",YAHOO:MELI,1,PLATINUM,YAHOO:PL=F,SOL,YAHOO:SOL-USD,Delordione,0
2025-12-30 13:51:14,late13,KGHM Polska Miedź SA,YAHOO:KGH.WA,"Tesla, Inc.",YAHOO:TSLA,1,"DigitalBridge Group, Inc.",YAHOO:DBRG,0,COCOA,YAHOO:CC=F,BTC,YAHOO:BTC-USD,delordione ,0
2025-12-30 13:53:21,P3ppa97,Polwax SA,YAHOO:PWX.WA,"Tesla, Inc.",YAHOO:TSLA,1,"Capcom Co., Ltd. ",YAHOO:9697.T,1,CLASS III MILK,YAHOO:DC=F,ADA,YAHOO:ADA-USD,delordione,0
2025-12-30 14:04:48,tartaowocowa,Polimex Mostostal SA,YAHOO:PXM.WA,NuScale Power Corporation,YAHOO:SMR,1,Nebius Group N.V.,YAHOO:NBIS,1,URANIUM,YAHOO:SRUUF,BTC,YAHOO:BTC-USD,og_malikrapgod,0
2025-12-30 14:22:57,h2p_gimbusek,Polimex Mostostal SA,YAHOO:PXM.WA,Amazon,YAHOO:AMZN,1,Legrand SA,YAHOO:LR.PA,1,ALUMINIUM HIGH GRADE,YAHOO:ALI=F,BTC,YAHOO:BTC-USD,h2p_gucio,0
2025-12-30 14:30:13,durszlak_0,AmRest Holdings SE,YAHOO:EAT.WA,"Okta, Inc.",YAHOO:OKTA,1,InPost,YAHOO:INPST.AS,1,PALLADIUM,YAHOO:PA=F,XRP,YAHOO:XRP-USD,od delorda,0
2025-12-30 16:39:06,Reksiooooo,Budimex SA,YAHOO:BDX.WA,"Reddit, Inc.",YAHOO:RDDT,1,Alibaba Group Holding Limited,YAHOO:BABA,1,PALLADIUM,YAHOO:PA=F,XAUT,YAHOO:XAUT-USD,Lewus,0
2025-12-30 16:42:14,adiq,Synektik SA + S2B,YAHOO:SNT.WA,Apple Inc.,YAHOO:AAPL,1,Bitcoin USD,YAHOO:BTC,0,HIGH GRADE COPPER,YAHOO:HG=F,ETH,YAHOO:ETH-USD,delordione,0
2025-12-30 18:27:35,Smerf,Develia SA,YAHOO:DVL.WA,Alphabet Inc.,YAHOO:GOOG,1,First Quantum Minerals Ltd.,YAHOO:FM.TO,1,SILVER,YAHOO:SI=F,BTC,YAHOO:BTC-USD,Delord,0
2025-12-30 19:20:15,Nexon228,LPP SA,YAHOO:LPP.WA,Advanced Micro Devices,YAHOO:AMD,1,ASML Holding N.V.,YAHOO:ASML,1,HIGH GRADE COPPER,YAHOO:HG=F,BTC,YAHOO:BTC-USD,Delord,0
2025-12-30 19:31:34,connery,Diagnostyka SA,YAHOO:DIA.WA,Broadcom Inc.,YAHOO:AVGO,1,Siemens,YAHOO:SIE.DE,1,HIGH GRADE COPPER,YAHOO:HG=F,BTC,YAHOO:BTC-USD,delord,0
2025-12-31 13:55:43,Waldi237,Dadelo SA,YAHOO:DAD.WA,Alphabet Inc.,YAHOO:GOOGL,1,Anheuser-Busch InBev SA/NV,YAHOO:ABI.BR,1,URANIUM,YAHOO:SRUUF,BNB,YAHOO:BNB-USD,"Paweł ""Rzecznik Tuska"" Szabla",0
2025-12-30 21:50:54,Wozu,Orlen SA,YAHOO:PKN.WA,The Walt Disney Company,YAHOO:DIS,1,Berkshire Hathaway Inc.,YAHOO:BRK-A,0,GOLD,YAHOO:GC=F,BTC,YAHOO:BTC-USD,Smalczyka,0
2025-12-30 21:56:08,BARNABO_BAZYLI,Creotech Instruments SA + CRQ,YAHOO:CRI.WA,Amazon,YAHOO:AMZN,1,Novo Nordisk,YAHOO:NVO,1,URANIUM,YAHOO:SRUUF,BTC,YAHOO:BTC-USD,DELMUŚ,0
2025-12-30 23:02:23,sheepkacper*,CD Projekt SA,YAHOO:CDR.WA,"Take-Two Interactive Software, Inc.",YAHOO:TTWO,1,Schneider Electric S.E.,YAHOO:SU.PA,1,GOLD,YAHOO:GC=F,BTC,YAHOO:BTC-USD,delordione,0
2025-12-31 01:33:08,asap_bartek,CD Projekt SA,YAHOO:CDR.WA,"IonQ, Inc.",YAHOO:IONQ,1,Reliance Industries Limited,YAHOO:RELIANCE.NS,1,URANIUM,YAHOO:SRUUF,BTC,YAHOO:BTC-USD,delordione,0
2025-12-31 07:21:51,777shoty,CD Projekt SA,YAHOO:CDR.WA,Funko Inc,YAHOO:FNKO,1,ASML Holding N.V.,YAHOO:ASML,1,COCOA,YAHOO:CC=F,XRP,YAHOO:XRP-USD,delord,0
2025-12-31 08:38:09,GreyManiac,Digital Network SA,YAHOO:DIG.WA,"Cisco Systems, Inc.",YAHOO:CSCO,1,Sony Group Corporation,YAHOO:SONY,1,PLATINUM,YAHOO:PL=F,ZEC,YAHOO:ZEC-USD,Sernikov,0
2025-12-31 08:38:33,skodaoctavia2006,Synektik SA + S2B,YAHOO:SNT.WA,"Tesla, Inc.",YAHOO:TSLA,1,Brak,,0,SILVER,YAHOO:SI=F,BTC,YAHOO:BTC-USD,smalec,0
2025-12-31 09:11:54,BialekPL,Creotech Instruments SA + CRQ,YAHOO:CRI.WA,"Micron Technology, Inc.",YAHOO:MU,1,NIO Inc. ,YAHOO:NIO,1,NICKEL,BANKIER:NIKIEL,BTC,YAHOO:BTC-USD,8kowal,0
2025-12-31 09:16:59,Rtii,Ultimate Games SA,YAHOO:ULG.WA,PayPal,YAHOO:PYPL,1,Tencent Holdings Ltd,YAHOO:0700.HK,1,CRUDE OIL WTI,YAHOO:CL=F,FIL,YAHOO:FIL-USD,Delord,0
2025-12-31 09:26:23,Maksymilian Foltyn ,Cyber_Folks SA,YAHOO:CBF.WA,PayPal,YAHOO:PYPL,1,ASML Holding N.V. ,YAHOO:ASML,1,URANIUM,YAHOO:SRUUF,ETH,YAHOO:ETH-USD,Gucio ,0
2025-12-31 09:29:38,SikoraPL,Orlen SA,YAHOO:PKN.WA,NVIDIA Corporation,YAHOO:NVDA,1,Korea Electric Power Corp,YAHOO:015760.KS,1,SILVER,YAHOO:SI=F,BTC,YAHOO:BTC-USD,Delmito,0
2025-12-31 09:30:04,cze1337,XTB SA,YAHOO:XTB.WA,"Tesla, Inc.",YAHOO:TSLA,1,TESLA,YAHOO:TSLA,0,NATURAL GAS,YAHOO:NG=F,BTC,YAHOO:BTC-USD,gruby,0
2025-12-31 09:30:18,Dusiek,LPP SA,YAHOO:LPP.WA,Sabre Corporation,YAHOO:SABR,1,Samsung Electronics Co,YAHOO:005930.KS,1,COCOA,YAHOO:CC=F,ADA,YAHOO:ADA-USD,delord,0
2025-12-31 09:30:34,Smetana,XTB SA,YAHOO:XTB.WA,"Uber Technologies, Inc.",YAHOO:UBER,1,LPP SA,YAHOO:LPP.WA,0,PLATINUM,YAHOO:PL=F,BTC,YAHOO:BTC-USD,Delord,0
2025-12-31 09:32:01,Kolanko,Cyber_Folks SA,YAHOO:CBF.WA,Alphabet Inc. ,YAHOO:GOOG,1,Tata Consultancy Services Limited,YAHOO:TCS.NS,1,PLATINUM,YAHOO:PL=F,ETH,YAHOO:ETH-USD,delord,0
2025-12-31 09:34:19,d30o,CD Projekt SA,YAHOO:CDR.WA,NVIDIA Corporation,YAHOO:NVDA,1,Novo Nordisk,YAHOO:NVO,1,URANIUM,YAHOO:SRUUF,XRP,YAHOO:XRP-USD,Delord,0
2025-12-31 09:35:05,shodi22,Tauron PE SA,YAHOO:TPE.WA,Sphere Entertainment Co.,YAHOO:SPHR,1,"Baidu, Inc.",YAHOO:BIDU,1,GOLD,YAHOO:GC=F,BTC,YAHOO:BTC-USD,Delord,0
2025-12-31 09:38:18,szymsen1,CD Projekt SA,YAHOO:CDR.WA,TROOPS Inc,YAHOO:TROO,0,ASML Holding N.V.,YAHOO:ASML,1,COTTON #2,YAHOO:CT=F,XRP,YAHOO:XRP-USD,Delordione,0
2025-12-31 09:38:39,Malbor,Synektik SA + S2B,YAHOO:SNT.WA,Palantir Technologies Inc,YAHOO:PLTR,1,Rheinmetall AG,YAHOO:RHM.DE,1,HIGH GRADE COPPER,YAHOO:HG=F,SOL,YAHOO:SOL-USD,Delord,0
2025-12-31 09:42:59,alcoholic_jichadist,Synektik SA + S2B,YAHOO:SNT.WA,Vertex Pharmaceuticals Inc.,YAHOO:VRTX,1,Taiwan Semiconductor Manufacturing,YAHOO:TSM,1,URANIUM,YAHOO:SRUUF,SOL,YAHOO:SOL-USD,DisStream,0
2025-12-31 09:45:08,sebko13,CD Projekt SA,YAHOO:CDR.WA,Zeta Global Holdings Corp.,YAHOO:ZETA,1,PSI Software SE,YAHOO:PSAN.DE,1,GOLD,YAHOO:GC=F,BTC,YAHOO:BTC-USD,delord,0
2025-12-31 09:52:10,eskawuer,KGHM Polska Miedź SA,YAHOO:KGH.WA,Amazon,YAHOO:AMZN,1,NVIDIA Corporation,YAHOO:NVDA,0,HIGH GRADE COPPER,YAHOO:HG=F,ETH,YAHOO:ETH-USD,delordione,0
2025-12-31 10:15:08,sobicjusz,Digital Network SA,YAHOO:DIG.WA,Zeta Global Holdings Corp,YAHOO:ZETA,1,Novo Nordisk,YAHOO:NVO,1,SILVER,YAHOO:SI=F,ETH,YAHOO:ETH-USD,delord,0
2025-12-31 10:35:45,Wertpos,Cognor Holding SA,YAHOO:COG.WA,Amazon,YAHOO:AMZN,1,ASML Holding N.V.,YAHOO:ASML,1,NICKEL,BANKIER:NIKIEL,BTC,YAHOO:BTC-USD,Delord,0
2025-12-31 10:41:48,Bumbelo,Enea SA,YAHOO:ENA.WA,NVIDIA Corporation,YAHOO:NVDA,1,Taiwan Semiconductor Manufacturing,YAHOO:TSM,1,GOLD,YAHOO:GC=F,BTC,YAHOO:BTC-USD,delord,0
2025-12-31 10:58:15,Michauhs,Dino Polska SA,YAHOO:DNP.WA,Intel Corporation,YAHOO:INTC,1,Sanlam Limited,YAHOO:SLM.JO,1,ZINC HIGH GRADE,YAHOO:ZN=F,LTC,YAHOO:LTC-USD,RandombruceTV,0
2025-12-31 11:12:09,Krzysiek_Ma98,XTB SA,YAHOO:XTB.WA,"Tempus AI, Inc.",YAHOO:TEM,1,ASML Holding N.V.,YAHOO:ASML,1,SILVER,YAHOO:SI=F,BTC,YAHOO:BTC-USD,delordione,0
2025-12-31 11:31:11,WhiskeR,One More Level SA,NC:OML,NVIDIA Corporation,YAHOO:NVDA,1,ASUSTeK Computer Inc.,YAHOO:2357.TW,1,SILVER,YAHOO:SI=F,XRP,YAHOO:XRP-USD,Delord,0
2025-12-31 11:32:40,QuannaN,KGHM Polska Miedź SA,YAHOO:KGH.WA,"Tesla, Inc.",YAHOO:TSLA,1,"Nintendo Co., Ltd.",YAHOO:NTDOY,1,HIGH GRADE COPPER,YAHOO:HG=F,BTC,YAHOO:BTC-USD,delordione,0
2025-12-31 11:42:05,Farmer,Benefit Systems SA,YAHOO:BFT.WA,Alphabet Inc. ,YAHOO:GOOG,1,Samsung Electronics Co,YAHOO:005930.KS,1,SILVER,YAHOO:SI=F,ETH,YAHOO:ETH-USD,Delord,0
2025-12-31 11:42:17,4youuuu,PKO BP SA,YAHOO:PKO.WA,NVIDIA Corporation,YAHOO:NVDA,1,Brak,,0,SILVER,YAHOO:SI=F,ADA,YAHOO:ADA-USD,Delord,0
2025-12-31 12:17:40,Dybtas,XTB SA,YAHOO:XTB.WA,Microsoft Corporation,YAHOO:MSFT,1,"Take-Two Interactive Software, Inc.",YAHOO:TTWO,0,GOLD,YAHOO:GC=F,BTC,YAHOO:BTC-USD,delordione,0
2025-12-31 12:19:25,Mimek_,Ekipa Holding SA,NC:EEE,Amazon,YAHOO:AMZN,1,Amazon,YAHOO:AMZN,0,NATURAL GAS,YAHOO:NG=F,FIL,YAHOO:FIL-USD,od geja delorda,0
2025-12-31 12:20:04,szerkonator,JSW  SA,YAHOO:JSW.WA,Beyond Meat,YAHOO:BYND,1,Beyond Meat,YAHOO:BYND,0,PLATINUM,YAHOO:PL=F,USDT,YAHOO:USDT-USD,,0
2025-12-31 12:23:59,vik1xd,Toya SA,YAHOO:TOA.WA,Meta Platforms,YAHOO:META,1,Taiwan Semiconductor Manufacturing,YAHOO:TSM,1,SILVER,YAHOO:SI=F,BNB,YAHOO:BNB-USD,H2p_Gucio,0
2025-12-31 12:34:25,Frenzu,Polimex Mostostal SA,YAHOO:PXM.WA,NIO Inc.,YAHOO:NIO,1,Deutsche Bank Aktiengesellschaft,YAHOO:DBK.DE,1,COBALT,YAHOO:CB=F,ZEC,YAHOO:ZEC-USD,Delord,0
2025-12-31 12:51:16,Taxman,M Food SA,NC:MFD,Vertex Pharmaceuticals Inc.,YAHOO:VRTX,1,Globex Mining Enterprises Inc.,YAHOO:GMX.TO,1,HIGH GRADE COPPER,YAHOO:HG=F,LTC,YAHOO:LTC-USD,Smalczyk,0
2025-12-31 13:01:55,Miodo18,Cyber_Folks SA,YAHOO:CBF.WA,NVIDIA Corporation,YAHOO:NVDA,1,adidas AG,YAHOO:ADS.DE,1,GOLD,YAHOO:GC=F,BTC,YAHOO:BTC-USD,Delord,0
2025-12-31 13:02:25,zapytaj_google,Cyber_Folks SA,YAHOO:CBF.WA,Taiwan Semiconductor Manufacturing,YAHOO:TSM,0,Taiwan Semiconductor Manufacturing,YAHOO:TSM,1,HIGH GRADE COPPER,YAHOO:HG=F,XRP,YAHOO:XRP-USD,delma,0
2025-12-31 13:20:16,Krs,CD Projekt SA,YAHOO:CDR.WA,"Take-Two Interactive Software, Inc.",YAHOO:TTWO,1,Ubisoft Entertainment SA,YAHOO:UBI.PA,1,GOLD,YAHOO:GC=F,BTC,YAHOO:BTC-USD,delordione,0
2025-12-31 13:21:03,tomes235,mBank SA,YAHOO:MBK.WA,Meta Platforms,YAHOO:META,1,Microsoft Corporation ,YAHOO:MSFT,0,GOLD,YAHOO:GC=F,ETH,YAHOO:ETH-USD,delord,0
2025-12-31 13:26:07,Zdzieboralkee,Orlen SA,YAHOO:PKN.WA,ASML Holding N.V.,YAHOO:ASML,0,"Banco Comercial Português, S.A. ",YAHOO:BCP.LS,1,SILVER,YAHOO:SI=F,ETH,YAHOO:ETH-USD,delord,0
2025-12-31 13:28:28,mlosek,Budimex SA,YAHOO:BDX.WA,Novo Nordisk,YAHOO:NVO,0,Kalmar Oyj,YAHOO:XK2.F,1,COCOA,YAHOO:CC=F,BTC,YAHOO:BTC-USD,delordione,0
2025-12-31 13:28:32,Antekgol,XTPL SA,YAHOO:XTP.WA,Budimex SA ,YAHOO:BDX.WA,0,Tencent Holdings Ltd,YAHOO:0700.HK,1,ALUMINIUM HIGH GRADE,YAHOO:ALI=F,WBTC,YAHOO:WBTC-USD,Demonzz1,0
2025-12-31 13:33:35,Nagashis,Orlen SA,YAHOO:PKN.WA,"Tesla, Inc.",YAHOO:TSLA,1,ASML Holding N.V. ,YAHOO:ASML,1,ALUMINIUM HIGH GRADE,YAHOO:ALI=F,BTC,YAHOO:BTC-USD,Delordione,0
2025-12-31 13:42:03,tomas_vv,CD Projekt SA,YAHOO:CDR.WA,Intel Corporation,YAHOO:INTC,1,Rheinmetall AG,YAHOO:RHM.DE,1,GOLD,YAHOO:GC=F,ETH,YAHOO:ETH-USD,Delord,0
2025-12-31 14:04:20,LapSanki,Kruk SA,YAHOO:KRU.WA,"Take-Two Interactive Software, Inc.",YAHOO:TTWO,1,"MercadoLibre, Inc.",YAHOO:MELI,1,ALUMINIUM HIGH GRADE,YAHOO:ALI=F,BTC,YAHOO:BTC-USD,Delord,0
2025-12-31 17:09:14,Cinek2030,Synektik SA + S2B,YAHOO:SNT.WA,"Rigetti Computing, Inc.",YAHOO:RGTI,1,Samsung Electronics Co,YAHOO:005930.KS,1,HIGH GRADE COPPER,YAHOO:HG=F,BTC,YAHOO:BTC-USD,Delord,0
2025-12-31 20:49:55,Psh3m0__,Creotech Instruments SA + CRQ,YAHOO:CRI.WA,ASML Holding N.V.,YAHOO:ASML,0,NXP Semiconductors N.V.,YAHOO:NXPI,1,IRON ORE CFR CHINA,YAHOO:TIO=F,ETH,YAHOO:ETH-USD,.,0
2025-12-31 23:26:06,jebniety_ksc,Benefit Systems SA,YAHOO:BFT.WA,Alibaba Group Holding Limited,YAHOO:BABA,0,Alibaba Group Holding Limited,YAHOO:BABA,1,COBALT,YAHOO:CB=F,HBAR,YAHOO:HBAR-USD,delordione,0
2026-01-01 00:41:45,Trajzega,XTB SA,YAHOO:XTB.WA,Alphabet Inc.,YAHOO:GOOG,1,Rheinmetall AG,YAHOO:RHM.DE,1,HIGH GRADE COPPER,YAHOO:HG=F,ETH,YAHOO:ETH-USD,Delord,0
2026-01-01 03:27:32,tomM01l,XTB SA,YAHOO:XTB.WA,"SoFi Technologies, Inc. ",YAHOO:SOFI,1,"MercadoLibre, Inc.",YAHOO:MELI,1,HIGH GRADE COPPER,YAHOO:HG=F,BTC,YAHOO:BTC-USD,delord,0
2026-01-01 09:22:23,suchy17,CD Projekt SA,YAHOO:CDR.WA,"Take-Two Interactive Software, Inc. ",YAHOO:TTWO,1,Rheinmetall AG,YAHOO:RHM.DE,1,HIGH GRADE COPPER,YAHOO:HG=F,ETH,YAHOO:ETH-USD,H2P_Gucio,0
2026-01-01 09:26:21,Bous25,KGHM Polska Miedź SA,YAHOO:KGH.WA,NVIDIA Corporation,YAHOO:NVDA,1,Rheinmetall AG,YAHOO:RHM.DE,1,GOLD,YAHOO:GC=F,ETH,YAHOO:ETH-USD,delord,0
2026-01-01 11:02:46,luxluciano,XPlus SA,YAHOO:XPL.WA,Tonix Pharmaceuticals,YAHOO:TNXP,1,"Capcom Co., Ltd.",YAHOO:9697.T,1,GOLD,YAHOO:GC=F,XRP,YAHOO:XRP-USD,  delordione,0
2026-01-01 11:04:11,moijzesz,Zortrax SA,NC:ZRX,"Tesla, Inc. ",YAHOO:TSLA,1,LVMH Moët Hennessy,YAHOO:MC.PA,1,GOLD,YAHOO:GC=F,SHIB,YAHOO:SHIB-USD,Konopsky,0
2026-01-01 11:04:51,Limbou,Orlen SA,YAHOO:PKN.WA,NVIDIA Corporation,YAHOO:NVDA,1,Xiaomi Corporation,YAHOO:1810.HK,1,GOLD,YAHOO:GC=F,BTC,YAHOO:BTC-USD,delordione,0
2026-01-01 11:10:29,Gaxxxrot,Cyber_Folks SA,YAHOO:CBF.WA,IREN Limited,YAHOO:IREN,0,ASML Holding N.V.,YAHOO:ASML,1,HIGH GRADE COPPER,YAHOO:HG=F,ETH,YAHOO:ETH-USD,  delordione,0
2026-01-01 11:28:03,sobi_01,Synektik SA + S2B,YAHOO:SNT.WA,Amazon,YAHOO:AMZN,1,Taiwan Semiconductor Manufacturing,YAHOO:TSM,1,SILVER,YAHOO:SI=F,BTC,YAHOO:BTC-USD,Delordione,0
2026-01-01 11:47:40,marakon,Mirbud SA,YAHOO:MRB.WA,RTX Corporation,YAHOO:RTX,1,Yangzijiang Shipbuilding (Holdings) Ltd,YAHOO:BS6.SI,1,URANIUM,YAHOO:SRUUF,XMR,YAHOO:XMR-USD,smalczyk,0
2026-01-01 11:49:30,alroyal,Orlen SA,YAHOO:PKN.WA,NVIDIA Corporation,YAHOO:NVDA,1,"Sumitomo Dainippon Pharma Co., Ltd.",YAHOO:4506.T,1,GOLD,YAHOO:GC=F,XRP,YAHOO:XRP-USD,delordione,0
2026-01-01 12:03:42,Smithie,Airway Medix SA,YAHOO:AWM.WA,NVIDIA Corporation,YAHOO:NVDA,1,Brak,,0,NATURAL GAS,YAHOO:NG=F,BTC,YAHOO:BTC-USD,Smithie,0
2026-01-01 12:06:24,Nervil,CD Projekt SA,YAHOO:CDR.WA,UiPath Inc.,YAHOO:PATH,1,Petróleo Brasileiro S.A.,YAHOO:PBR,1,URANIUM,YAHOO:SRUUF,ETH,YAHOO:ETH-USD,,0
2026-01-01 12:07:04,H2P_Cwel,LPP SA,YAHOO:LPP.WA,NVIDIA Corporation,YAHOO:NVDA,1,ASML Holding N.V.,YAHOO:ASML,1,GOLD,YAHOO:GC=F,BTC,YAHOO:BTC-USD,Smalczyk,0
2026-01-01 12:25:31,Techn1k_,Ambra SA,YAHOO:AMB.WA,Realty Income Corporation,YAHOO:O,1,Wise plc,YAHOO:WISE,1,HIGH GRADE COPPER,YAHOO:HG=F,BTC,YAHOO:BTC-USD,różnie,0
2026-01-01 15:42:41,Stracilemnakrypto,CD Projekt SA,YAHOO:CDR.WA,Palantir Technologies Inc,YAHOO:PLTR,1,"MercadoLibre, Inc.",YAHOO:MELI,1,SILVER,YAHOO:SI=F,XRP,YAHOO:XRP-USD,Delord/Franio,0
2026-01-01 16:53:22,slodkapinki,Wierzyciel SA,NC:WRL,"Match Group, Inc.",YAHOO:MTCH,1,Kering SA,YAHOO:KER.PA,1,LEAD PIG,YAHOO:LED=F,DOGE,YAHOO:DOGE-USD,pajalock,0
2026-01-01 22:09:23,kk4rol,Dino Polska SA,YAHOO:DNP.WA,Intel Corporation,YAHOO:INTC,1,ASML Holding N.V. ,YAHOO:ASML,1,LEAD PIG,YAHOO:LED=F,SUSDE,YAHOO:SUSDE-USD,gruby d,0
2026-01-02 08:43:56,ryeore,XTB SA,YAHOO:XTB.WA,Novo Nordisk,YAHOO:NVO,0,Text S.A.,YAHOO:TXT.WA,0,GOLD,YAHOO:GC=F,BTC,YAHOO:BTC-USD,delordione,0
2026-01-02 09:08:45,bIazej,Tauron PE SA,YAHOO:TPE.WA,"Micron Technology, Inc.",YAHOO:MU,1,Zalando SE,YAHOO:ZAL.DE,1,GOLD,YAHOO:GC=F,ADA,YAHOO:ADA-USD,delordione,0
2026-01-02 09:20:03,skortam,Orlen SA,YAHOO:PKN.WA,Alphabet Inc.,YAHOO:GOOG,1,ASML Holding N.V.,YAHOO:ASML,1,HIGH GRADE COPPER,YAHOO:HG=F,BTC,YAHOO:BTC-USD,delord,0
2026-01-02 09:49:38,Kubisz*,Toya SA,YAHOO:TOA.WA,Amazon,YAHOO:AMZN,1,ASML Holding N.V.,YAHOO:ASML,1,PALLADIUM,YAHOO:PA=F,BTC,YAHOO:BTC-USD,Dildord,0
2026-01-02 10:15:13,mich4lex,XTB SA,YAHOO:XTB.WA,"TransMedics Group, Inc.",YAHOO:TMDX,1,"Hims & Hers Health, Inc.",YAHOO:HIMS,0,PLATINUM,YAHOO:PL=F,BTC,YAHOO:BTC-USD,smalec,0
2026-01-02 10:36:54,manojezik,CD Projekt SA,YAHOO:CDR.WA,Archer Aviation Inc.,YAHOO:ACHR,1,InPost,YAHOO:INPST.AS,1,GOLD,YAHOO:GC=F,BTC,YAHOO:BTC-USD,delordione,0
2026-01-02 10:38:21,NienormaIny,CD Projekt SA,YAHOO:CDR.WA,"Take-Two Interactive Software, Inc.",YAHOO:TTWO,1,"MercadoLibre, Inc.",YAHOO:MELI,1,URANIUM,YAHOO:SRUUF,XRP,YAHOO:XRP-USD,Delordione,0
2026-01-02 10:38:23,Nokedajunky,Zabka Group SA,YAHOO:ZAB.WA,"Tesla, Inc.",YAHOO:TSLA,1,ASML Holding N.V.,YAHOO:ASML,1,NICKEL,BANKIER:NIKIEL,BTC,YAHOO:BTC-USD,Cuckoldione,0
2026-01-02 10:39:04,Stifi Wonder,Tauron PE SA,YAHOO:TPE.WA,Plug Power Inc. (PLUG),YAHOO:PLUG,1,China ITS Holdings Co Ltd,YAHOO:1900.HK,1,GOLD,YAHOO:GC=F,BTC,YAHOO:BTC-USD,delord,0
2026-01-02 10:39:51,szczuras_,CD Projekt SA,YAHOO:CDR.WA,"Waste Management, Inc.",YAHOO:WM,1,Nanoform Finland Oyj,YAHOO:4YL.F,1,GOLD,YAHOO:GC=F,ETH,YAHOO:ETH-USD,tego grubego co chuja wie a ciągle cos pierdoli,0
2026-01-02 10:54:05,Procek,QNA Technology SA,NC:QNA,"Take-Two Interactive Software, Inc.",YAHOO:TTWO,1,Taiwan Semiconductor Manufacturing,YAHOO:TSM,1,SILVER,YAHOO:SI=F,ETH,YAHOO:ETH-USD,Delord,0
2026-01-02 11:03:34,nieprzysiadalny,Rainbow Tours SA,YAHOO:RBW.WA,Pfizer,YAHOO:PFE,1,Fujitsu Limited,YAHOO:6702.T,1,COBALT,YAHOO:CB=F,BTC,YAHOO:BTC-USD,delord,0
2026-01-02 11:14:06,kwert,Vigo Photonics SA,YAHOO:VGO.WA,NVIDIA Corporation,YAHOO:NVDA,1,Novo Nordisk,YAHOO:NVO,1,GOLD,YAHOO:GC=F,SOL,YAHOO:SOL-USD,khamires,0
2026-01-02 11:24:31,nepq,CD Projekt SA,YAHOO:CDR.WA,Oracle Corporation,YAHOO:ORCL,1,Taiwan Semiconductor Manufacturing,YAHOO:TSM,1,GOLD,YAHOO:GC=F,BTC,YAHOO:BTC-USD,delord,0
2026-01-02 11:32:49,KulawyBartek,CD Projekt SA,YAHOO:CDR.WA,Alexandria Real Estate Equities Inc,YAHOO:ARE,1,Novo Nordisk,YAHOO:NVO,1,PLATINUM,YAHOO:PL=F,BTC,YAHOO:BTC-USD,Delordione,0
2026-01-02 12:08:54,moscovik,Benefit Systems SA,YAHOO:BFT.WA,Amazon,YAHOO:AMZN,1,Rheinmetall AG,YAHOO:RHM.DE,1,PALLADIUM,YAHOO:PA=F,BTC,YAHOO:BTC-USD,smalczyk,0
2026-01-02 13:52:20,Blackwizzzard,LPP SA,YAHOO:LPP.WA,Advanced Micro Devices,YAHOO:AMD,1,Novo Nordisk,YAHOO:NVO,1,ALUMINIUM HIGH GRADE,YAHOO:ALI=F,BTC,YAHOO:BTC-USD,,0
2026-01-02 14:16:23,Daniel_53,Orlen SA,YAHOO:PKN.WA,NVIDIA Corporation,YAHOO:NVDA,1,Siemens,YAHOO:SIE.DE,1,GOLD,YAHOO:GC=F,BTC,YAHOO:BTC-USD,Delord,0
2026-01-02 19:12:25,ziaziav9,Synektik SA + S2B,YAHOO:SNT.WA,"AST SpaceMobile, Inc. ",YAHOO:ASTS,1,Grab Holdings Limited,YAHOO:GRAB,1,PALLADIUM,YAHOO:PA=F,BTC,YAHOO:BTC-USD,,0
2026-01-02 19:40:10,mrcngrcki,Orlen SA,YAHOO:PKN.WA,NVIDIA Corporation,YAHOO:NVDA,1,InPost,YAHOO:INPST.AS,1,NATURAL GAS,YAHOO:NG=F,BTC,YAHOO:BTC-USD,Delord,0
2026-01-02 19:55:20,Biskup21,Cyber_Folks SA,YAHOO:CBF.WA,"Huntington Ingalls Industries, Inc.",YAHOO:HII,1,Saab AB ,YAHOO:SAABY,1,COCOA,YAHOO:CC=F,BTC,YAHOO:BTC-USD,8kowal,0
2026-01-02 20:05:37,kopecki,Polimex Mostostal SA,YAHOO:PXM.WA,GE Vernova Inc.,YAHOO:GEV,1,Siemens,YAHOO:SIE.DE,1,SILVER,YAHOO:SI=F,BTC,YAHOO:BTC-USD,delord,0
2026-01-02 21:45:38,wizyg_,Kogeneracja SA,YAHOO:KGN.WA,Ouster Inc,YAHOO:OUST,1,Ferrari N.V.,YAHOO:RACE.MI,1,URANIUM,YAHOO:SRUUF,ETH,YAHOO:ETH-USD,Delord,0
2026-01-03 01:23:02,SzaMan512,Digital Network SA,YAHOO:DIG.WA,"BlackRock, Inc",YAHOO:BLK,1,Enlight Renewable Energy Ltd,YAHOO:ENLT,1,GOLD,YAHOO:GC=F,SHIB,YAHOO:SHIB-USD,Ortis,0
2026-01-03 07:57:32,khamires,QuarticOn SA w upadłości,NC:QON,Spirit Aviation Holdings,YAHOO:FLYYQ,1,WPP plc,YAHOO:WPP.L,1,COCOA,YAHOO:CC=F,USDT,YAHOO:USDT-USD,khamires,0
2026-01-03 08:18:34,xgibka,RRH Group SA,NC:RRH,Rocket Lab Corporation,YAHOO:RKLB,1,Nebius Group NV,YAHOO:NBIS,1,SILVER,YAHOO:SI=F,BNB,YAHOO:BNB-USD,Mamm0n,0
2026-01-03 08:20:24,cluesia,Intermarum SA,NC:IMR,NVIDIA Corporation,YAHOO:NVDA,1,CD Projekt SA,YAHOO:CDR.WA,0,PALLADIUM,YAHOO:PA=F,LINK,YAHOO:LINK-USD,delordione,0
2026-01-03 08:26:45,graf_to_konfident,Santander Bank Polska SA,YAHOO:SPL.WA,Eli Lilly and Company,YAHOO:LLY,1,Novo Nordisk,YAHOO:NVO,1,HIGH GRADE COPPER,YAHOO:HG=F,BTC,YAHOO:BTC-USD,Graf,0
2026-01-03 10:24:47,Chipsu,Cognor Holding SA,YAHOO:COG.WA,"SoFi Technologies, Inc.",YAHOO:SOFI,1,Hesai Group,YAHOO:2525.HK,1,HIGH GRADE COPPER,YAHOO:HG=F,BNB,YAHOO:BNB-USD,delmito,0
2026-01-03 11:12:27,dmoszq,Skarbiec Holding SA,YAHOO:SKH.WA,Spotify,YAHOO:SPOT,1,ASML Holding N.V.,YAHOO:ASML,1,GOLD,YAHOO:GC=F,BTC,YAHOO:BTC-USD,smalca,0
2026-01-03 11:15:17,majqutek,DataWalk SA,YAHOO:DAT.WA,Sabre,YAHOO:SABR,1,WH Smith PLC,YAHOO:SMWH.L,1,GOLD,YAHOO:GC=F,ETH,YAHOO:ETH-USD,delordione,0
2026-01-03 11:16:00,kyuba,Cyber_Folks SA,YAHOO:CBF.WA,Amazon,YAHOO:AMZN,1,InPost,YAHOO:INPST.AS,1,HIGH GRADE COPPER,YAHOO:HG=F,SOL,YAHOO:SOL-USD,Delord,0
2026-01-03 11:17:21,Trawienny,Orlen SA,YAHOO:PKN.WA,Broadcom Inc.,YAHOO:AVGO,1,Rheinmetall AG,YAHOO:RHM.DE,1,GOLD,YAHOO:GC=F,BTC,YAHOO:BTC-USD,delordione,0
2026-01-03 11:17:22,Kimabe,Cyfrowy Polsat SA,YAHOO:CPS.WA,"Tesla, Inc.",YAHOO:TSLA,1,ASML Holding N.V.,YAHOO:ASML,1,HIGH GRADE COPPER,YAHOO:HG=F,BTC,YAHOO:BTC-USD,Delord,0
2026-01-03 11:20:12,wals,Mirbud SA,YAHOO:MRB.WA,"Constellation Brands, Inc.",YAHOO:STZ,1,Taiwan Semiconductor Manufacturing,YAHOO:TSM,1,GOLD,YAHOO:GC=F,ETH,YAHOO:ETH-USD,delord,0
2026-01-03 11:36:51,Mefasa,CD Projekt SA,YAHOO:CDR.WA,Apple Inc.,YAHOO:AAPL,1,ASML Holding N.V.,YAHOO:ASML,1,COBALT,YAHOO:CB=F,XRP,YAHOO:XRP-USD,  delordione,0
2026-01-03 11:38:49,Ronner,Synektik SA + S2B,YAHOO:SNT.WA,"Tesla, Inc.",YAHOO:TSLA,1,NVIDIA Corporation,YAHOO:NVDA,0,COFFEE,YAHOO:KC=F,BTC,YAHOO:BTC-USD,Delordione,0
2026-01-03 11:40:25,waj3r,CD Projekt SA,YAHOO:CDR.WA,"Tesla, Inc.",YAHOO:TSLA,1,Toyota Motor Corporation,YAHOO:TM,1,PALLADIUM,YAHOO:PA=F,DOGE,YAHOO:DOGE-USD,delord,0
2026-01-03 11:40:40,najebatsu*,AB SA,YAHOO:ABE.WA,NVIDIA Corporation,YAHOO:NVDA,1,Novo Nordisk,YAHOO:NVO,1,GOLD,YAHOO:GC=F,LTC,YAHOO:LTC-USD,Delorda,0
2026-01-03 11:41:29,Honervogt,Rainbow Tours SA,YAHOO:RBW.WA,"NextEra Energy, Inc.",YAHOO:NEE,1,ASML Holding N.V. ,YAHOO:ASML,1,GOLD,YAHOO:GC=F,SOL,YAHOO:SOL-USD,Delordione,0
2026-01-03 11:41:40,tymmek1,XTB SA,YAHOO:XTB.WA,Amazon,YAHOO:AMZN,1,Tencent Holdings Ltd,YAHOO:0700.HK,1,COBALT,YAHOO:CB=F,BTC,YAHOO:BTC-USD,delmito,0
2026-01-03 11:46:02,Karigoda,Molecure SA,YAHOO:MOC.WA,"Rocket Lab USA, Inc.",YAHOO:RKLB,1,Scanway S.A.,YAHOO:SCW.WA,0,URANIUM,YAHOO:SRUUF,SOL,YAHOO:SOL-USD,Delordione,0
2026-01-03 11:42:24,VincentVanSzpont,Neuca SA,YAHOO:NEU.WA,Alphabet Inc.,YAHOO:GOOG,1,Marathon UCITS Funds UK Equity A GBP,YAHOO:0P0001II0C.L,0,TIN REFINED,YAHOO:TINM.MI,SOL,YAHOO:SOL-USD,delordione,0
2026-01-03 11:43:10,Hahri,XTB SA,YAHOO:XTB.WA,Alphabet Inc.,YAHOO:GOOG,1,ASML Holding N.V.,YAHOO:ASML,1,GOLD,YAHOO:GC=F,BTC,YAHOO:BTC-USD,Delord,0
2026-01-03 11:43:12,Sayec,Passus SA,YAHOO:PAS.WA,Alphabet Inc.,YAHOO:GOOG,1,Taiwan Semiconductor Manufacturing,YAHOO:TSM,1,GOLD,YAHOO:GC=F,BTC,YAHOO:BTC-USD,delord,0
2026-01-03 11:46:51,MikeLemmi,CD Projekt SA,YAHOO:CDR.WA,Take-Two Interactive Software Inc.,YAHOO:TTWO,1,Western Digital Corporation,YAHOO:WDC,0,GOLD,YAHOO:GC=F,BTC,YAHOO:BTC-USD,delordione,0
2026-01-03 12:10:40,Świeżak2K,Dino Polska SA,YAHOO:DNP.WA,NVIDIA Corporation,YAHOO:NVDA,1,"Chery Automobile Co., Ltd.",YAHOO:9PB.F,1,GOLD,YAHOO:GC=F,BTC,YAHOO:BTC-USD,Paweł Szabla,0
2026-01-03 13:46:28,Vasco_Da_Grama,Izostal SA,YAHOO:IZS.WA,"Roku, Inc.",YAHOO:ROKU,1,Wizz Air Holdings Plc,YAHOO:WIZZ.L,1,CRUDE OIL WTI,YAHOO:CL=F,BTC,YAHOO:BTC-USD,Sernikov,0
2026-01-03 15:33:00,G2_Jankokos,Orlen SA,YAHOO:PKN.WA,Exxon Mobil Corporation,YAHOO:XOM,1,National Atomic Company Kazatomprom JSC,YAHOO:KAP.IL,1,URANIUM,YAHOO:SRUUF,QNT,YAHOO:QNT-USD,Delord,0
2026-01-03 17:27:57,Yogo4,XTB SA,YAHOO:XTB.WA,NVIDIA Corporation,YAHOO:NVDA,1,InPost,YAHOO:INPST.AS,1,URANIUM,YAHOO:SRUUF,BTC,YAHOO:BTC-USD,Delord,0
2026-01-03 19:37:34,Peter Heel,XTB SA,YAHOO:XTB.WA,Serve Robotics Inc.,YAHOO:SERV,1,InPost,YAHOO:INPST.AS,1,CORN,YAHOO:ZC=F,LINK,YAHOO:LINK-USD,Delord,0
2026-01-03 20:46:15,xGRUL,Grupa Pracuj SA,YAHOO:GPP.WA,Cipher Mining Inc.,YAHOO:CIFR,1,"MercadoLibre, Inc.",YAHOO:MELI,1,HIGH GRADE COPPER,YAHOO:HG=F,XRP,YAHOO:XRP-USD,delord,0
2026-01-05 07:39:54,czarooh,Mostostal Warszawa SA,YAHOO:MSW.WA,Rocket Lab Corporation,YAHOO:RKLB,1,Taiwan Semiconductor Manufacturing,YAHOO:TSM,1,PALLADIUM,YAHOO:PA=F,BTC,YAHOO:BTC-USD,Delordione,0
2026-01-05 07:47:49,tuxoo,Molecure SA,YAHOO:MOC.WA,Altimmune,YAHOO:ALT,1,Ocado Group,YAHOO:OCDO.L,1,URANIUM,YAHOO:SRUUF,ETH,YAHOO:ETH-USD,delord,0
2026-01-05 07:48:16,Control,Dino Polska SA,YAHOO:DNP.WA,"Nike, Inc.",YAHOO:NKE,1,Novo Nordisk,YAHOO:NVO,1,GOLD,YAHOO:GC=F,XRP,YAHOO:XRP-USD,Gucci,0
2026-01-05 07:52:53,werwolwes_michael,Synektik SA + S2B,YAHOO:SNT.WA,"Take-Two Interactive Software, Inc.",YAHOO:TTWO,1,InPost,YAHOO:INPST.AS,1,SILVER,YAHOO:SI=F,DOGE,YAHOO:DOGE-USD,Xayoo_,0
2026-01-05 08:52:50,morthan11,Synektik SA + S2B,YAHOO:SNT.WA,Advanced Micro Devices,YAHOO:AMD,1,Taiwan Semiconductor Manufacturing,YAHOO:TSM,1,URANIUM,YAHOO:SRUUF,LEO,YAHOO:LEO-USD,smalec,0
2026-01-05 08:53:27,Crash,Text SA,YAHOO:TXT.WA,Berkshire Hathaway Inc.,YAHOO:BRK-A,1,Ferrari N.V.,YAHOO:RACE,1,URANIUM,YAHOO:SRUUF,BTC,YAHOO:BTC-USD,Smalczyk,0
2026-01-05 08:53:39,lobotomia_rzydow_siekiera,Asseco Poland SA,YAHOO:ACP.WA,Chevron Corporation,YAHOO:CVX,1,Japan Tobacco Inc. ,YAHOO:JAPAF,1,PLATINUM,YAHOO:PL=F,SOL,YAHOO:SOL-USD,Smalec,0
2026-01-05 09:15:24,xsedlife,Dino Polska SA,YAHOO:DNP.WA,Advanced Micro Devices,YAHOO:AMD,1,Xiaomi Corporation,YAHOO:1810.HK,1,SILVER,YAHOO:SI=F,ETH,YAHOO:ETH-USD,delordione,0
2026-01-05 09:47:15,Lownoad,Zabka Group SA,YAHOO:ZAB.WA,Palantir Technologies Inc,YAHOO:PLTR,1,"Ping An Insurance (Group) Company of China, Ltd.",YAHOO:2318.HK,1,COCOA,YAHOO:CC=F,SOL,YAHOO:SOL-USD,Delord,0
2026-01-05 10:21:26,sawik,Orlen SA,YAHOO:PKN.WA,Advanced Micro Devices,YAHOO:AMD,1,Saudi Aramco Base Oil Company - Luberef,YAHOO:2223.SR,1,COFFEE,YAHOO:KC=F,ETH,YAHOO:ETH-USD,delord,0
2026-01-05 10:43:53,h2p_foliarz,Kruk SA,YAHOO:KRU.WA,Alphabet Inc.,YAHOO:GOOG,1,Alphabet Inc.,YAHOO:GOOG,0,URANIUM,YAHOO:SRUUF,DOGE,YAHOO:DOGE-USD,"Gucci, Smlaci, Kacci",0
2026-01-05 10:48:51,crisisboi,XTB SA,YAHOO:XTB.WA,Avino Silver & Gold Mines Ltd,YAHOO:ASM,0,Samsung Electronics Co,YAHOO:005930.KS,1,GOLD,YAHOO:GC=F,ETH,YAHOO:ETH-USD,smalczyk,0
2026-01-05 11:10:04,Hotarti,Cognor Holding SA,YAHOO:COG.WA,Cipher Mining Inc.,YAHOO:CIFR,1,Randstad N.V.,YAHOO:RAND.AS,1,URANIUM,YAHOO:SRUUF,BTC,YAHOO:BTC-USD,Mokry Suchar aka Ziarniak,0
2026-01-05 11:14:21,siemacho2137,Tech Robotics SA,NC:TCR,"Tesla, Inc.",YAHOO:TSLA,1,"Capcom Co., Ltd.",YAHOO:9697.T,1,PLATINUM,YAHOO:PL=F,LTC,YAHOO:LTC-USD,Delord,0
2026-01-05 11:15:31,El CapitanQ,Dino Polska SA,YAHOO:DNP.WA,GSI Technology,YAHOO:GSIT,1,Zscaler Inc,YAHOO:ZS,0,GOLD,YAHOO:GC=F,BTC,YAHOO:BTC-USD,delordione,0
2026-01-05 11:17:46,G4chu,CD Projekt SA,YAHOO:CDR.WA,Intel Corporation,YAHOO:INTC,1,The Asia Dow,YAHOO:NVDA,0,GOLD,YAHOO:GC=F,ETH,YAHOO:ETH-USD,Delord,0
2026-01-05 11:17:58,staszek12,PKO BP SA,YAHOO:PKO.WA,NVIDIA Corporation,YAHOO:NVDA,1,Airbus SE,YAHOO:AIR.PA,1,GOLD,YAHOO:GC=F,ETH,YAHOO:ETH-USD,delordione,0
2026-01-05 11:20:35,nei_mam_nazwy,Energa SA,YAHOO:ENG.WA,Exxon Mobil Corporation,YAHOO:XOM,1,ASML Holding N.V.,YAHOO:ASML,1,SILVER,YAHOO:SI=F,PYUSD,YAHOO:PYUSD-USD,delord,0
2026-01-05 11:20:42,Greyclif,LPP SA,YAHOO:LPP.WA,"Micron Technology, Inc.",YAHOO:MU,1,"Micronics Japan Co., Ltd. ",YAHOO:6871.T,1,SILVER,YAHOO:SI=F,XRP,YAHOO:XRP-USD,Delordione (Delordzik),0
2026-01-05 11:21:58,Darrside,LPP SA,YAHOO:LPP.WA,JPMorgan Chase & Co.,YAHOO:JPM,1,NVIDIA Corporation,YAHOO:NVDA,0,GOLD,YAHOO:GC=F,BTC,YAHOO:BTC-USD,Delordione,0
2026-01-05 11:23:26,philkin,Synektik SA + S2B,YAHOO:SNT.WA,Palantir Technologies Inc,YAHOO:PLTR,1,ASML Holding N.V.,YAHOO:ASML,1,HIGH GRADE COPPER,YAHOO:HG=F,BTC,YAHOO:BTC-USD,smalczyk,0
2026-01-05 11:24:20,synkhamiresa*,KGHM Polska Miedź SA,YAHOO:KGH.WA,Applied Materials,YAHOO:AMAT,1,Montana Aerospace AG,YAHOO:AEROZ.XC,1,HIGH GRADE COPPER,YAHOO:HG=F,BTC,YAHOO:BTC-USD,khamires,0
2026-01-05 11:27:23,Lechu,PKO BP SA,YAHOO:PKO.WA,Chevron Corporation,YAHOO:CVX,1,BYD,YAHOO:1211.HK,1,PLATINUM,YAHOO:PL=F,XRP,YAHOO:XRP-USD,Dildord,0
2026-01-05 11:34:35,ryzykowny inwestor,Passus SA,YAHOO:PAS.WA,T1 Energy Inc.,YAHOO:TE,1,Novo Nordisk,YAHOO:NVO,1,HIGH GRADE COPPER,YAHOO:HG=F,XRP,YAHOO:XRP-USD,delord,0
2026-01-05 11:38:51,sadurka,Bioceltix SA,YAHOO:BCX.WA,"Super Micro Computer, Inc.",YAHOO:SMCI,1,Samsung Electronics Co,YAHOO:005930.KS,1,URANIUM,YAHOO:SRUUF,RENDER,YAHOO:RENDER-USD,Patiro,0
2026-01-05 11:40:31,leonidass,CD Projekt SA,YAHOO:CDR.WA,Broadcom Inc.,YAHOO:AVGO,1,SK Hynix,YAHOO:000660.KS,1,URANIUM,YAHOO:SRUUF,BTC,YAHOO:BTC-USD,delord,0
2026-01-05 11:48:07,Srembix,Tauron PE SA,YAHOO:TPE.WA,"Tesla, Inc.",YAHOO:TSLA,1,KGX.F,YAHOO:CVX,1,GOLD,YAHOO:GC=F,ETH,YAHOO:ETH-USD,smalczito,0
2026-01-05 11:58:38,Bombel,Orlen SA,YAHOO:PKN.WA,NVIDIA Corporation,YAHOO:NVDA,1,ASML Holding N.V.,YAHOO:ASML,1,COCOA,YAHOO:CC=F,BTC,YAHOO:BTC-USD,Smalczyk,0
2026-01-05 12:00:31,ShocK1999,PlayWay SA,YAHOO:PLW.WA,Pony AI Inc.,YAHOO:PONY,0,ASML Holding N.V.,YAHOO:ASML,1,SILVER,YAHOO:SI=F,SOL,YAHOO:SOL-USD,xn,0
2026-01-05 12:03:22,TwojStaryNajebany,Orange Polska SA,YAHOO:OPL.WA,Broadcom Inc.,YAHOO:AVGO,1,ASML Holding N.V.,YAHOO:ASML,1,HIGH GRADE COPPER,YAHOO:HG=F,SOL,YAHOO:SOL-USD,Pavel Szablonikov,0
2026-01-05 12:06:52,galniketcher,Diagnostyka SA,YAHOO:DIA.WA,"BWX Technologies, Inc.",YAHOO:BWXT,1,Airbus SE,YAHOO:AIR.PA,1,COTTON #2,YAHOO:CT=F,BTC,YAHOO:BTC-USD,delord,0
2026-01-05 12:13:35,r_garnuszek,Danks SA,NC:DNS,Lockheed Martin,YAHOO:LMT,1,Tencent Holdings Ltd,YAHOO:0700.HK,1,COCOA,YAHOO:CC=F,BNB,YAHOO:BNB-USD,guciu,0
2026-01-05 12:21:16,krysket,PZU SA,YAHOO:PZU.WA,"The Goldman Sachs Group, Inc.",YAHOO:GS,1,JPMorgan Chase & Co.,YAHOO:JPM,0,GOLD,YAHOO:GC=F,BTC,YAHOO:BTC-USD,delordione,0
2026-01-05 12:35:17,yawokim,Digital Network SA,YAHOO:DIG.WA,Microsoft Corporation,YAHOO:MSFT,1,XTB S.A.,YAHOO:XTB.WA,0,URANIUM,YAHOO:SRUUF,ETH,YAHOO:ETH-USD,overpow,0
2026-01-05 12:35:30,Bakus,XTB SA,YAHOO:XTB.WA,Cipher Mining Inc,YAHOO:CIFR,1,Novo Nordisk,YAHOO:NVO,1,PLATINUM,YAHOO:PL=F,BTC,YAHOO:BTC-USD,Hotarti,0
2026-01-05 13:35:55,czlowiek_rel,Zabka Group SA,YAHOO:ZAB.WA,Marathon Petroleum Corporation,YAHOO:MPC,1,Snowflake Inc.,YAHOO:SNOW,0,WHEAT,YAHOO:ZW=F,BTC,YAHOO:BTC-USD,delordione,0
2026-01-05 13:38:13,Czujuu,Zabka Group SA,YAHOO:ZAB.WA,Alphabet Inc.,YAHOO:GOOG,1,Alibaba Group Holding Limited,YAHOO:BABA,1,HIGH GRADE COPPER,YAHOO:HG=F,DOGE,YAHOO:DOGE-USD,delord,0
2026-01-05 14:07:33,kuba_o7,Amica SA,YAHOO:AMC.WA,"Take-Two Interactive Software, Inc.",YAHOO:TTWO,1,Novo Nordisk,YAHOO:NVO,1,SILVER,YAHOO:SI=F,BTC,YAHOO:BTC-USD,Delord,0
2026-01-05 19:09:06,Ondum,CD Projekt SA,YAHOO:CDR.WA,Apple Inc.,YAHOO:AAPL,1,CD Projekt SA,YAHOO:CDR.WA,0,GOLD,YAHOO:GC=F,BTC,YAHOO:BTC-USD,szymool,0
2026-01-05 19:09:21,Benoeg,Minutor Energia SA,NC:MTE,"Tesla, Inc.",YAHOO:TSLA,1,Nasdaq,YAHOO:NDAQ,0,GOLD,YAHOO:GC=F,ETH,YAHOO:ETH-USD,Szymool,0
2026-01-05 19:10:51,Kawalgoata,Saule Technologies SA,NC:SLT,Palantir Technologies Inc,YAHOO:PLTR,1,Tencent Holdings Ltd,YAHOO:0700.HK,1,SILVER,YAHOO:SI=F,ETH,YAHOO:ETH-USD,szymool,0
2026-01-05 19:12:28,Qurpik,Gamivo SA,NC:GMV,"Lyft, Inc.",YAHOO:LYFT,1,"MercadoLibre, Inc.",YAHOO:MELI,1,COFFEE,YAHOO:KC=F,BTC,YAHOO:BTC-USD,Smalczyk,0
2026-01-05 20:18:54,peurxz,CD Projekt SA,YAHOO:CDR.WA,NVIDIA Corporation,YAHOO:NVDA,1,FUJIFILM Holdings Corporation,YAHOO:4901.T,1,SILVER,YAHOO:SI=F,BTC,YAHOO:BTC-USD,delord,0
2026-01-05 21:10:25,leny_zawodowiec,Dino Polska SA,YAHOO:DNP.WA,Alphabet Inc.,YAHOO:GOOG,1,Alphabet Inc.,YAHOO:GOOG,0,SILVER,YAHOO:SI=F,ETH,YAHOO:ETH-USD,delord,0
2026-01-05 21:46:20,Meeds,LPP SA,YAHOO:LPP.WA,Amazon,YAHOO:AMZN,1,BYD,YAHOO:1211.HK,1,GOLD,YAHOO:GC=F,BTC,YAHOO:BTC-USD,Delordione,0
2026-01-05 22:08:54,kapi2410,Cyber_Folks SA,YAHOO:CBF.WA,Accenture plc,YAHOO:ACN,0,Novo Nordisk,YAHOO:NVO,1,HIGH GRADE COPPER,YAHOO:HG=F,ETH,YAHOO:ETH-USD,Smalczyk,0
2026-01-05 22:15:05,thepyrkowaty,Enter Air SA,YAHOO:ENT.WA,"Cloudflare, Inc.",YAHOO:NET,1,SK hynix Inc.,YAHOO:000660.KS,1,HIGH GRADE COPPER,YAHOO:HG=F,BTC,YAHOO:BTC-USD,delordione,0
2026-01-05 22:40:26,ONBananaOFF,Binary Helix SA,NC:BHX,AMC Networks Inc. ,YAHOO:AMCX,1,Fanuc Corporation ,YAHOO:6954.T,1,CRUDE OIL WTI,YAHOO:CL=F,TRX,YAHOO:TRX-USD,delordione,0
2026-01-05 23:59:06,danio418,CD Projekt SA,YAHOO:CDR.WA,Garmin LTD.,YAHOO:GRMN,1,Mitsubishi UFJ Financial Group,YAHOO:8306.T,1,PALLADIUM,YAHOO:PA=F,XMR,YAHOO:XMR-USD,RandomBruceTV,0
2025-12-19 18:43:41,vandiii,XTB SA,YAHOO:XTB.WA,Berkshire Hathaway Inc.,YAHOO:BRK-A,1,AstraZeneca PLC,YAHOO:AZN.L,1,GOLD,YAHOO:GC=F,BTC,YAHOO:BTC-USD,vandiii,1
2025-12-30 10:43:51,Lewus,XTB SA,YAHOO:XTB.WA,Alphabet Inc.,YAHOO:GOOG,1,Novo Nordisk,YAHOO:NVO,1,HIGH GRADE COPPER,YAHOO:HG=F,BNB,YAHOO:BNB-USD,Lewus,1
2025-12-30 12:32:43,MokrySuchar*,KGHM Polska Miedź SA,YAHOO:KGH.WA,Amazon,YAHOO:AMZN,1,Novo Nordisk,YAHOO:NVO,1,GOLD,YAHOO:GC=F,SOL,YAHOO:SOL-USD,MokrySuchar,1
2025-12-30 12:37:04,delord,XTB SA,YAHOO:XTB.WA,United Health,YAHOO:UNH,1,LVMH Moët Hennessy Louis Vuitton SE,YAHOO:MC.PA,1,HIGH GRADE COPPER,YAHOO:HG=F,DOGE,YAHOO:DOGE-USD,delordione,1
2026-01-03 13:57:08,Patiro,KGHM Polska Miedź SA,YAHOO:KGH.WA,Strategy Inc,YAHOO:MSTR,1,Bayer Aktiengesellschaft,YAHOO:BAYN.DE,1,COCOA,YAHOO:CC=F,ETH,YAHOO:ETH-USD,Patiro,1
2026-01-04 11:14:22,Gaweł,XTB SA,YAHOO:XTB.WA,Apple Inc.,YAHOO:AAPL,1,"Seven & i Holdings Co., Ltd.",YAHOO:SVNDY,1,GOLD,YAHOO:GC=F,BTC,YAHOO:BTC-USD,Gaweł,1
2026-01-04 15:58:32,Kubon,Ekipa Holding SA,NC:EEE,Intel Corporation,YAHOO:INTC,1,Brak,,0,SILVER,YAHOO:SI=F,BNB,YAHOO:BNB-USD,Kubon,1
2026-01-04 16:19:23,xntentacion,Lubawa SA,YAHOO:LBW.WA,RTX Corporation,YAHOO:RTX,1,Tencent Holdings Limited,YAHOO:0700.HK,1,HIGH GRADE COPPER,YAHOO:HG=F,ZEC,YAHOO:ZEC-USD,xntentacion,1
2026-01-06 00:09:25,Wysek,Creotech Instruments SA + CRQ,YAHOO:CRI.WA,Palantir Technologies,YAHOO:PLTR,1,Boczniak Investments,YAHOO:NVDA,0,HIGH GRADE COPPER,YAHOO:HG=F,SOL,YAHOO:SOL-USD,Wysek,1
2026-01-05 19:02:26,szymool,Pepco Group NV,YAHOO:PCO.WA,Chevron Corporation,YAHOO:CVX,1,China Telecom Corporation Limited,YAHOO:0728.HK,1,GOLD,YAHOO:GC=F,BTC,YAHOO:BTC-USD,szymool,1
